ANON_ID,original_code,understand_question,understand_answer,apply_question,apply_answer,create_question,create_answer
1,"int IsPalindrome(char *word)
{
    int left = 0;
    int right = strlen(word) - 1;

    while (left < right) {
        if (word[left] != word[right]) {
            return 0; 
        }
        left++;
        right--;
    }

    return 1; 
    
}",What is the purpose of initializing 'right' as 'strlen(word) - 1' in the IsPalindrome function?,"To set the right pointer to the index of the last character in the string, since string indices start at 0.",How many times does the loop execute when the input to IsPalindrome is 'racecar'?,"The loop executes 3 times. For 'racecar' (length 7), the indices compare (0,6), (1,5), and (2,4) before left (3) is no longer less than right (3).",What change could be made to the data types of 'left' and 'right' to improve the code's robustness when handling very long strings?,Change 'int left' and 'int right' to 'size_t left' and 'size_t right' to match the return type of strlen() and avoid potential integer overflow with large string lengths.
2,"int IsPalindrome(char *word)
{
    int n = strlen(word);
    for (int i = 0; i < (n / 2); i++) {
        if (word[i]!=word[n-i-1]) {
            return 0;
            break;
        }
    }
    return 1;
}",Why does the loop in the IsPalindrome function run only up to n/2?,The loop runs up to n/2 because each iteration compares a character from the start with its corresponding character from the end. Checking halfway ensures all character pairs are validated for symmetry.,How many times does the loop execute when the input string has a length of 5?,"The loop executes 2 times because integer division of 5/2 is 2, so the loop runs for i=0 and i=1.",The code includes a 'break' statement after returning from the function. Explain why this 'break' is unnecessary and how removing it improves code style.,The 'break' is unreachable because the 'return 0' statement immediately exits the function. Removing it eliminates redundant code and improves readability by avoiding misleading control flow.
3,"int IsPalindrome(char *word)
{
    int length = strlen(word);
    
    for (int i = 0; i < length / 2; i++) {
        if (word[i] != word[length - 1 - i]) {
            return 0;
        }
    }
    return 1;
}",What is the purpose of using 'length - 1 - i' as an index for the word array in the loop?,"It accesses the corresponding character from the end of the string to compare with the current character from the start, ensuring symmetry in palindrome checking.",Why does the loop in the IsPalindrome function run only up to length / 2?,"The loop checks characters up to the midpoint of the string. Comparing beyond the midpoint would redundantly recheck pairs already verified, as each character is matched against its corresponding character from the opposite end.",How could you modify the loop to avoid using the length variable while maintaining the same functionality?,"Use two pointers starting at the beginning and end of the string, moving toward each other until they meet, comparing characters at each step."
4,"#include <string.h>
#include <stdio.h>

int IsPalindrome(char *word)
{
    int length = strlen(word);
    int middle = (length - 1)/2;
    int counter = 0;
   
    if (length <= 1) {
        return 1;
    }

    if (length == 2) {
        if (word[0] == word[1]) {
            return 1;
        } else {
            return 0;
        }
    }

    for (int i = 0; i < middle; i++) {
        if (word[i] == word[length - 1 - i]) {
            counter++;
        }
    }
    
    int ispalindrome = 0;
    if (counter == middle) {
        ispalindrome = 1;
    }
    return ispalindrome;
}",What is the purpose of using 'length - 1 - i' as an index for the word array in the for loop?,It accesses the character at the mirrored position from the end of the string to compare with the character at position i from the start.,Why is the middle index calculated as (length - 1)/2 instead of length/2 in the IsPalindrome function?,"Subtracting 1 ensures integer division correctly rounds down for both even and odd lengths. For example, length=4 becomes (4-1)/2=1 (correct middle index), while length=5 becomes (5-1)/2=2 (correct middle index).",How could you modify the code to improve runtime efficiency by avoiding unnecessary comparisons once a mismatch is found?,"Replace the counter approach with an early return: in the for loop, if any character pair does not match, immediately return 0. Only return 1 after all necessary pairs have been successfully compared."
5,"int IsPalindrome(char *word)
{
    int left = 0;
    int right = (int)strlen(word) - 1;
    
    while (left < right) {
        if (word[left] != word[right]) {
            return 0;
        }
        left++;
        right--;
    }
    return 1;
}",Why is the variable 'right' initialized with (int)strlen(word) - 1 in the IsPalindrome function?,"To set 'right' to the index of the last character in the string, since string indices start at 0 and strlen returns the total number of characters including the null terminator.",Why is the right variable initialized to (int)strlen(word) - 1 in the IsPalindrome function?,"To position the right pointer at the last character's index in the string, since array indices start at 0 and string length includes the null terminator.",How could the code be modified to improve style by removing unnecessary type casting?,"Remove the (int) cast when initializing 'right' because the problem guarantees the input string is non-empty, making the cast redundant."
6,"int IsPalindrome(char *word)
{
    int length = strlen(word);
    for (int i = 0; i < length/2; i++) {
        if (word[i] != word[length-i-1]) {
            return 0;
        }
    }
    return 1;
}",What is the purpose of using 'length - 1 - i' as an index for the word array in the if statement?,"It accesses the corresponding character from the end of the string to compare with the current character from the start, ensuring symmetry in the palindrome check.","How many iterations will the loop execute for the input string ""abcba""? Explain your reasoning.","The loop will execute 2 iterations. The length of ""abcba"" is 5, so length/2 is 2 (integer division). The loop runs while i < 2, meaning i takes values 0 and 1.",Suggest a modification to the loop structure to eliminate the use of division while ensuring all character pairs are correctly compared.,"Replace the for loop with two pointers: one starting at the beginning (i=0) and one at the end (j=length-1). Compare characters at i and j, then increment i and decrement j until i >= j."
7,"int IsPalindrome(char *word)
{

int length = strlen(word);

int left = 0;
int right = length - 1;

while (left < right) 
{
    if (word[left] != word[right])
    
    {
        return 0;
    }
    
    left++;
    right--;
}

return 1;
    
}",Why is the variable 'right' initialized to 'length - 1' in the IsPalindrome function?,"To set the right pointer to the last character index of the string, since array indices start at 0.",Why does the while loop in the IsPalindrome function use the condition 'left < right' instead of 'left <= right'?,"The condition 'left < right' ensures the loop stops when the pointers meet in the middle of the string. Checking equality (<=) would cause an unnecessary comparison of the same middle character in odd-length strings, which is redundant since a single character is inherently a palindrome.","What necessary change can be made to the function's parameter to indicate that the input string will not be modified, improving code robustness and style?",Change the parameter to 'const char *word' to explicitly state that the function will not modify the input string.
