ANON_ID,original_code,selected_level_1,question_1,answer_1,selected_level_2,question_2,answer_2,selected_level_3,question_3,answer_3
1,"int IsPalindrome(char *word)
{
    int left = 0;
    int right = strlen(word) - 1;

    while (left < right) {
        if (word[left] != word[right]) {
            return 0; 
        }
        left++;
        right--;
    }

    return 1; 
    
}",Understand,"In the IsPalindrome function, what is the purpose of the 'right' variable initialization using 'strlen(word) - 1'?",It sets the starting index to the last character of the string.,Apply,"If the function is called with the string ""radar"", what will be the values of the variables 'left' and 'right' immediately before the while loop terminates?","left = 2, right = 2",Create,"How would you modify this function to make it case-insensitive, so that 'Radar' is considered a palindrome?","Wrap the character comparisons in the towlower() or toupper() functions, such as: if (tolower(word[left]) != tolower(word[right]))"
2,"int IsPalindrome(char *word)
{
    int n = strlen(word);
    for (int i = 0; i < (n / 2); i++) {
        if (word[i]!=word[n-i-1]) {
            return 0;
            break;
        }
    }
    return 1;
}",Understand,"In the for loop, what is the purpose of using 'n-i-1' as an index for the word array?",It is used to access the character at the corresponding position from the end of the string to compare it with the character at the beginning.,Apply,"If the input word is ""radar"", what is the value of n and how many times will the for loop iterate before the function returns a value?",n is 5 and the loop will iterate 2 times.,Create,"How would you modify the loop condition or the logic inside the loop to make this function case-insensitive (e.g., treating 'A' and 'a' as the same character)?",Wrap both word[i] and word[n-i-1] in the tolower() or toupper() function before comparing them.
3,"int IsPalindrome(char *word)
{
    int length = strlen(word);
    
    for (int i = 0; i < length / 2; i++) {
        if (word[i] != word[length - 1 - i]) {
            return 0;
        }
    }
    return 1;
}",Understand,"In the for loop, what is the purpose of using 'length - 1 - i' as an index for the word array?",It is used to access the character at the corresponding position from the end of the string to compare it with the character at the beginning.,Apply,"If the input word is ""radar"", what is the value of the expression (length - 1 - i) during the first iteration of the loop (when i = 0)?",4,Create,"How would you modify the loop or the comparison logic to make this function ignore character case (e.g., treating 'A' and 'a' as the same) when checking for a palindrome?",Wrap both word[i] and word[length - 1 - i] in the tolower() or toupper() function from <ctype.h> before comparing them.
4,"#include <string.h>
#include <stdio.h>

int IsPalindrome(char *word)
{
    int length = strlen(word);
    int middle = (length - 1)/2;
    int counter = 0;
   
    if (length <= 1) {
        return 1;
    }

    if (length == 2) {
        if (word[0] == word[1]) {
            return 1;
        } else {
            return 0;
        }
    }

    for (int i = 0; i < middle; i++) {
        if (word[i] == word[length - 1 - i]) {
            counter++;
        }
    }
    
    int ispalindrome = 0;
    if (counter == middle) {
        ispalindrome = 1;
    }
    return ispalindrome;
}",Understand,"In the for loop, what is the purpose of using 'length - 1 - i' as an index for the word array?",It is used to access the character at the corresponding position from the end of the string to compare it with the character at the beginning.,Apply,"If the function IsPalindrome is called with the string ""radar"", what will be the final value of the variable 'counter' after the for loop finishes executing?",2,Create,How would you modify the for loop and the return statement to eliminate the need for the counter variable while maintaining the same logic?,"Change the loop to return 0 immediately when word[i] != word[length - 1 - i] is found, and return 1 after the loop finishes."
5,"int IsPalindrome(char *word)
{
    int left = 0;
    int right = (int)strlen(word) - 1;
    
    while (left < right) {
        if (word[left] != word[right]) {
            return 0;
        }
        left++;
        right--;
    }
    return 1;
}",Understand,"In the IsPalindrome function, what is the purpose of the 'left++' and 'right--' statements inside the while loop?",They move the pointers toward the center of the string to compare the next pair of characters.,Apply,"If the function is called with the string ""radar"", what will be the values of the variables 'left' and 'right' immediately before the while loop terminates?","left = 2, right = 2",Create,"How would you modify the code to make the IsPalindrome function case-insensitive (e.g., treating 'A' and 'a' as the same character)?",Wrap word[left] and word[right] in the tolower() or toupper() function within the if statement comparison.
6,"int IsPalindrome(char *word)
{
    int length = strlen(word);
    for (int i = 0; i < length/2; i++) {
        if (word[i] != word[length-i-1]) {
            return 0;
        }
    }
    return 1;
}",Understand,"In the for loop, what is the purpose of using 'length/2' as the loop termination condition?","It ensures the loop only iterates through the first half of the string, as comparing the first half with the second half is sufficient to determine if the word is a palindrome.",Apply,"If the input word is ""radar"", what is the value of length-i-1 during the first iteration of the loop (when i = 0)?",4,Create,"How would you modify the if-statement condition to make this function case-insensitive (e.g., treating 'A' and 'a' as the same character)?",Wrap both word[i] and word[length-i-1] in the tolower() or toupper() function before comparing them.
7,"int IsPalindrome(char *word)
{

int length = strlen(word);

int left = 0;
int right = length - 1;

while (left < right) 
{
    if (word[left] != word[right])
    
    {
        return 0;
    }
    
    left++;
    right--;
}

return 1;
    
}",Understand,"In the IsPalindrome function, what is the purpose of the 'left++' and 'right--' statements inside the while loop?",They move the pointers toward the center of the string to compare the next pair of characters.,Apply,"If the function is called with the string ""radar"", what will be the values of the variables 'left' and 'right' immediately before the while loop terminates?","left = 2, right = 2",Create,"How would you modify this function to make it case-insensitive, so that 'Radar' is considered a palindrome?","Wrap the characters being compared in the towlower() or toupper() function, such as: if (tolower(word[left]) != tolower(word[right]))"
